Workbook

Sheet Inputs
B2: ERLANG C STAFFING MODEL — DYNAMIC
B3: Change any blue value — all calculations update automatically
B5: MODEL INPUTS | D5: NOTES
B6: Average Handle Time (AHT) | C6: 224 | D6: seconds — from EDA analysis of answered calls
B7: Target Service Level | C7: 80 | D7: % of calls answered within target time
B8: Target Answer Time | C8: 20 | D8: seconds — industry standard is 80% in 20s
B9: Shrinkage | C9: 30 | D9: % — breaks, training, meetings, absenteeism
B10: Max Occupancy | C10: 85 | D10: % — agent burnout threshold
B11: Interval Duration | C11: 60 | D11: minutes — hourly intervals
B13: DERIVED VALUES (auto-calculated) | D13: FORMULA EXPLANATION
B14: AHT in Hours | C14: =C6/3600 -> 0.062222222 | D14: Converts seconds to hours for Erlang formula
B15: Shrinkage Multiplier | C15: =1-C9/100 -> 0.7 | D15: 30% shrinkage means 70% productive time
B16: Service Level Decimal | C16: =C7/100 -> 0.8 | D16: Converts percentage to decimal
B18: ERLANG C — STEP BY STEP
B19: Step 1: Traffic Intensity (A) | C19: Calls/hr × AHT in hours | D19: Measures offered load in Erlangs
B20: Step 2: Erlang C Prob (Pw) | C20: 1 - POISSON.DIST(N-1, A, TRUE) | D20: Probability a caller must wait
B21: Step 3: Service Level | C21: 1 - Pw × EXP(-(N-A)×t/AHT) | D21: % of calls answered within target time
B22: Step 4: Agents with Shrinkage | C22: ROUNDUP(N / shrinkage_mult, 0) | D22: Actual headcount to schedule
B23: Step 5: Occupancy | C23: A / N × 100 | D23: Keep below 85% to prevent burnout

Sheet Erlang C Calculator
A1: Date | B1: Hour | C1: Forecasted Calls | D1: Traffic Intensity (A) | E1: Raw Agents (N) | F1: Erlang C Prob (Pw) | G1: Service Level (%) | H1: Agents w/ Shrinkage | I1: Occupancy (%) | J1: SL Status | K1: Forecast Low | L1: Forecast High
A2: 2015-04-01 | B2: 9:00 | C2: 6 | D2: =C2*Inputs!$C$6/3600 -> 0.37333333 | E2: 2 | F2: =IF(E2<=D2,"Understaffed",1-POISSON(E2-1,D2,1)) -> 0.054548283 | G2: =IF(E2<=D2,0,(1-F2*EXP(-(E2-D2)*Inputs!$C$8/Inputs!$C$6))*100) -> 95.282575 | H2: =ROUNDUP(E2/Inputs!$C$15,0) -> 3 | I2: =IF(E2=0,0,D2/E2*100) -> 18.666667 | J2: =IF(G2>=Inputs!$C$7,"GREEN",IF(G2>=Inputs!$C$7-10,"AMBER","RED")) -> GREEN | K2: 4.7 | L2: 7.3
A3: 2015-04-01 | B3: 10:00 | C3: 5.8 | D3: =C3*Inputs!$C$6/3600 -> 0.36088889 | E3: 2 | F3: =IF(E3<=D3,"Understaffed",1-POISSON(E3-1,D3,1)) -> 0.051383629 | G3: =IF(E3<=D3,0,(1-F3*EXP(-(E3-D3)*Inputs!$C$8/Inputs!$C$6))*100) -> 95.561194 | H3: =ROUNDUP(E3/Inputs!$C$15,0) -> 3 | I3: =IF(E3=0,0,D3/E3*100) -> 18.044444 | J3: =IF(G3>=Inputs!$C$7,"GREEN",IF(G3>=Inputs!$C$7-10,"AMBER","RED")) -> GREEN | K3: 4.6 | L3: 7
A4: 2015-04-01 | B4: 11:00 | C4: 6.5 | D4: =C4*Inputs!$C$6/3600 -> 0.40444444 | E4: 2 | F4: =IF(E4<=D4,"Understaffed",1-POISSON(E4-1,D4,1)) -> 0.062747572 | G4: =IF(E4<=D4,0,(1-F4*EXP(-(E4-D4)*Inputs!$C$8/Inputs!$C$6))*100) -> 94.558393 | H4: =ROUNDUP(E4/Inputs!$C$15,0) -> 3 | I4: =IF(E4=0,0,D4/E4*100) -> 20.222222 | J4: =IF(G4>=Inputs!$C$7,"GREEN",IF(G4>=Inputs!$C$7-10,"AMBER","RED")) -> GREEN | K4: 5.1 | L4: 7.8
A5: 2015-04-01 | B5: 12:00 | C5: 6 | D5: =C5*Inputs!$C$6/3600 -> 0.37333333 | E5: 2 | F5: =IF(E5<=D5,"Understaffed",1-POISSON(E5-1,D5,1)) -> 0.054548283 | G5: =IF(E5<=D5,0,(1-F5*EXP(-(E5-D5)*Inputs!$C$8/Inputs!$C$6))*100) -> 95.282575 | H5: =ROUNDUP(E5/Inputs!$C$15,0) -> 3 | I5: =IF(E5=0,0,D5/E5*100) -> 18.666667 | J5: =IF(G5>=Inputs!$C$7,"GREEN",IF(G5>=Inputs!$C$7-10,"AMBER","RED")) -> GREEN | K5: 4.7 | L5: 7.3
A6: 2015-04-01 | B6: 13:00 | C6: 6.5 | D6: =C6*Inputs!$C$6/3600 -> 0.40444444 | E6: 2 | F6: =IF(E6<=D6,"Understaffed",1-POISSON(E6-1,D6,1)) -> 0.062747572 | G6: =IF(E6<=D6,0,(1-F6*EXP(-(E6-D6)*Inputs!$C$8/Inputs!$C$6))*100) -> 94.558393 | H6: =ROUNDUP(E6/Inputs!$C$15,0) -> 3 | I6: =IF(E6=0,0,D6/E6*100) -> 20.222222 | J6: =IF(G6>=Inputs!$C$7,"GREEN",IF(G6>=Inputs!$C$7-10,"AMBER","RED")) -> GREEN | K6: 5.1 | L6: 7.9
A7: 2015-04-01 | B7: 14:00 | C7: 5.5 | D7: =C7*Inputs!$C$6/3600 -> 0.34222222 | E7: 2 | F7: =IF(E7<=D7,"Understaffed",1-POISSON(E7-1,D7,1)) -> 0.046766707 | G7: =IF(E7<=D7,0,(1-F7*EXP(-(E7-D7)*Inputs!$C$8/Inputs!$C$6))*100) -> 95.966758 | H7: =ROUNDUP(E7/Inputs!$C$15,0) -> 3 | I7: =IF(E7=0,0,D7/E7*100) -> 17.111111 | J7: =IF(G7>=Inputs!$C$7,"GREEN",IF(G7>=Inputs!$C$7-10,"AMBER","RED")) -> GREEN | K7: 4.3 | L7: 6.6
A8: 2015-04-01 | B8: 15:00 | C8: 5.9 | D8: =C8*Inputs!$C$6/3600 -> 0.36711111 | E8: 2 | F8: =IF(E8<=D8,"Understaffed",1-POISSON(E8-1,D8,1)) -> 0.052957469 | G8: =IF(E8<=D8,0,(1-F8*EXP(-(E8-D8)*Inputs!$C$8/Inputs!$C$6))*100) -> 95.422695 | H8: =ROUNDUP(E8/Inputs!$C$15,0) -> 3 | I8: =IF(E8=0,0,D8/E8*100) -> 18.355556 | J8: =IF(G8>=Inputs!$C$7,"GREEN",IF(G8>=Inputs!$C$7-10,"AMBER","RED")) -> GREEN | K8: 4.6 | L8: 7.1
A9: 2015-04-01 | B9: 16:00 | C9: 6.3 | D9: =C9*Inputs!$C$6/3600 -> 0.392 | E9: 2 | F9: =IF(E9<=D9,"Understaffed",1-POISSON(E9-1,D9,1)) -> 0.059419873 | G9: =IF(E9<=D9,0,(1-F9*EXP(-(E9-D9)*Inputs!$C$8/Inputs!$C$6))*100) -> 94.8527 | H9: =ROUNDUP(E9/Inputs!$C$15,0) -> 3 | I9: =IF(E9=0,0,D9/E9*100) -> 19.6 | J9: =IF(G9>=Inputs!$C$7,"GREEN",IF(G9>=Inputs!$C$7-10,"AMBER","RED")) -> GREEN | K9: 4.9 | L9: 7.5
A10: 2015-04-01 | B10: 17:00 | C10: 6.4 | D10: =C10*Inputs!$C$6/3600 -> 0.39822222 | E10: 2 | F10: =IF(E10<=D10,"Understaffed",1-POISSON(E10-1,D10,1)) -> 0.0610759 | G10: =IF(E10<=D10,0,(1-F10*EXP(-(E10-D10)*Inputs!$C$8/Inputs!$C$6))*100) -> 94.706306 | H10: =ROUNDUP(E10/Inputs!$C$15,0) -> 3 | I10: =IF(E10=0,0,D10/E10*100) -> 19.911111 | J10: =IF(G10>=Inputs!$C$7,"GREEN",IF(G10>=Inputs!$C$7-10,"AMBER","RED")) -> GREEN | K10: 5 | L10: 7.7
A11: 2015-04-02 | B11: 9:00 | C11: 5.2 | D11: =C11*Inputs!$C$6/3600 -> 0.32355556 | E11: 2 | F11: =IF(E11<=D11,"Understaffed",1-POISSON(E11-1,D11,1)) -> 0.042312579 | G11: =IF(E11<=D11,0,(1-F11*EXP(-(E11-D11)*Inputs!$C$8/Inputs!$C$6))*100) -> 96.356966 | H11: =ROUNDUP(E11/Inputs!$C$15,0) -> 3 | I11: =IF(E11=0,0,D11/E11*100) -> 16.177778 | J11: =IF(G11>=Inputs!$C$7,"GREEN",IF(G11>=Inputs!$C$7-10,"AMBER","RED")) -> GREEN | K11: 4 | L11: 6.4
A12: 2015-04-02 | B12: 10:00 | C12: 5 | D12: =C12*Inputs!$C$6/3600 -> 0.31111111 | E12: 2 | F12: =IF(E12<=D12,"Understaffed",1-POISSON(E12-1,D12,1)) -> 0.039437431 | G12: =IF(E12<=D12,0,(1-F12*EXP(-(E12-D12)*Inputs!$C$8/Inputs!$C$6))*100) -> 96.608282 | H12: =ROUNDUP(E12/Inputs!$C$15,0) -> 3 | I12: =IF(E12=0,0,D12/E12*100) -> 15.555556 | J12: =IF(G12>=Inputs!$C$7,"GREEN",IF(G12>=Inputs!$C$7-10,"AMBER","RED")) -> GREEN | K12: 3.8 | L12: 6.1
A13: 2015-04-02 | B13: 11:00 | C13: 5.5 | D13: =C13*Inputs!$C$6/3600 -> 0.34222222 | E13: 2 | F13: =IF(E13<=D13,"Understaffed",1-POISSON(E13-1,D13,1)) -> 0.046766707 | G13: =IF(E13<=D13,0,(1-F13*EXP(-(E13-D13)*Inputs!$C$8/Inputs!$C$6))*100) -> 95.966758 | H13: =ROUNDUP(E13/Inputs!$C$15,0) -> 3 | I13: =IF(E13=0,0,D13/E13*100) -> 17.111111 | J13: =IF(G13>=Inputs!$C$7,"GREEN",IF(G13>=Inputs!$C$7-10,"AMBER","RED")) -> GREEN | K13: 4.2 | L13: 6.8
... A271: 2015-04-30 | B271: 17:00 | C271: 5.1 | D271: =C271*Inputs!$C$6/3600 -> 0.31733333 | E271: 2 | F271: =IF(E271<=D271,"Understaffed",1-POISSON(E271-1,D271,1)) -> 0.040865383 | G271: =IF(E271<=D271,0,(1-F271*EXP(-(E271-D271)*Inputs!$C$8/Inputs!$C$6))*100) -> 96.483521 | H271: =ROUNDUP(E271/Inputs!$C$15,0) -> 3 | I271: =IF(E271=0,0,D271/E271*100) -> 15.866667 | J271: =IF(G271>=Inputs!$C$7,"GREEN",IF(G271>=Inputs!$C$7-10,"AMBER","RED")) -> GREEN | K271: 3.9 | L271: 6.6

Sheet Daily Summary
A1: Date | B1: Total Calls | C1: Max Agents (Shrinkage) | D1: Avg SL (%) | E1: Min SL (%) | F1: Status
A2: 2015-04-01 | B2: =SUM('Erlang C Calculator'!C2:C10) -> 54.9 | C2: =MAX('Erlang C Calculator'!H2:H10) -> 3 | D2: =AVERAGE('Erlang C Calculator'!G2:G10) -> 95.132399 | E2: =MIN('Erlang C Calculator'!G2:G10) -> 94.558393 | F2: =IF(E2>=Inputs!$C$7,"OK",IF(E2>=Inputs!$C$7-10,"REVIEW","ALERT")) -> OK
A3: 2015-04-02 | B3: =SUM('Erlang C Calculator'!C11:C19) -> 47.1 | C3: =MAX('Erlang C Calculator'!H11:H19) -> 3 | D3: =AVERAGE('Erlang C Calculator'!G11:G19) -> 96.307488 | E3: =MIN('Erlang C Calculator'!G11:G19) -> 95.833247 | F3: =IF(E3>=Inputs!$C$7,"OK",IF(E3>=Inputs!$C$7-10,"REVIEW","ALERT")) -> OK
A4: 2015-04-03 | B4: =SUM('Erlang C Calculator'!C20:C28) -> 54 | C4: =MAX('Erlang C Calculator'!H20:H28) -> 3 | D4: =AVERAGE('Erlang C Calculator'!G20:G28) -> 95.274008 | E4: =MIN('Erlang C Calculator'!G20:G28) -> 94.706306 | F4: =IF(E4>=Inputs!$C$7,"OK",IF(E4>=Inputs!$C$7-10,"REVIEW","ALERT")) -> OK
A5: 2015-04-04 | B5: =SUM('Erlang C Calculator'!C29:C37) -> 50 | C5: =MAX('Erlang C Calculator'!H29:H37) -> 3 | D5: =AVERAGE('Erlang C Calculator'!G29:G37) -> 95.885024 | E5: =MIN('Erlang C Calculator'!G29:G37) -> 95.422695 | F5: =IF(E5>=Inputs!$C$7,"OK",IF(E5>=Inputs!$C$7-10,"REVIEW","ALERT")) -> OK
A6: 2015-04-05 | B6: =SUM('Erlang C Calculator'!C38:C46) -> 54 | C6: =MAX('Erlang C Calculator'!H38:H46) -> 3 | D6: =AVERAGE('Erlang C Calculator'!G38:G46) -> 95.274008 | E6: =MIN('Erlang C Calculator'!G38:G46) -> 94.706306 | F6: =IF(E6>=Inputs!$C$7,"OK",IF(E6>=Inputs!$C$7-10,"REVIEW","ALERT")) -> OK
A7: 2015-04-06 | B7: =SUM('Erlang C Calculator'!C47:C55) -> 47.1 | C7: =MAX('Erlang C Calculator'!H47:H55) -> 3 | D7: =AVERAGE('Erlang C Calculator'!G47:G55) -> 96.307488 | E7: =MIN('Erlang C Calculator'!G47:G55) -> 95.833247 | F7: =IF(E7>=Inputs!$C$7,"OK",IF(E7>=Inputs!$C$7-10,"REVIEW","ALERT")) -> OK
A8: 2015-04-07 | B8: =SUM('Erlang C Calculator'!C56:C64) -> 47.1 | C8: =MAX('Erlang C Calculator'!H56:H64) -> 3 | D8: =AVERAGE('Erlang C Calculator'!G56:G64) -> 96.307488 | E8: =MIN('Erlang C Calculator'!G56:G64) -> 95.833247 | F8: =IF(E8>=Inputs!$C$7,"OK",IF(E8>=Inputs!$C$7-10,"REVIEW","ALERT")) -> OK
A9: 2015-04-08 | B9: =SUM('Erlang C Calculator'!C65:C73) -> 54 | C9: =MAX('Erlang C Calculator'!H65:H73) -> 3 | D9: =AVERAGE('Erlang C Calculator'!G65:G73) -> 95.274008 | E9: =MIN('Erlang C Calculator'!G65:G73) -> 94.706306 | F9: =IF(E9>=Inputs!$C$7,"OK",IF(E9>=Inputs!$C$7-10,"REVIEW","ALERT")) -> OK
A10: 2015-04-09 | B10: =SUM('Erlang C Calculator'!C74:C82) -> 47.1 | C10: =MAX('Erlang C Calculator'!H74:H82) -> 3 | D10: =AVERAGE('Erlang C Calculator'!G74:G82) -> 96.307488 | E10: =MIN('Erlang C Calculator'!G74:G82) -> 95.833247 | F10: =IF(E10>=Inputs!$C$7,"OK",IF(E10>=Inputs!$C$7-10,"REVIEW","ALERT")) -> OK
A11: 2015-04-10 | B11: =SUM('Erlang C Calculator'!C83:C91) -> 53 | C11: =MAX('Erlang C Calculator'!H83:H91) -> 3 | D11: =AVERAGE('Erlang C Calculator'!G83:G91) -> 95.429762 | E11: =MIN('Erlang C Calculator'!G83:G91) -> 94.8527 | F11: =IF(E11>=Inputs!$C$7,"OK",IF(E11>=Inputs!$C$7-10,"REVIEW","ALERT")) -> OK
A12: 2015-04-11 | B12: =SUM('Erlang C Calculator'!C92:C100) -> 49 | C12: =MAX('Erlang C Calculator'!H92:H100) -> 3 | D12: =AVERAGE('Erlang C Calculator'!G92:G100) -> 96.032886 | E12: =MIN('Erlang C Calculator'!G92:G100) -> 95.561194 | F12: =IF(E12>=Inputs!$C$7,"OK",IF(E12>=Inputs!$C$7-10,"REVIEW","ALERT")) -> OK
A13: 2015-04-12 | B13: =SUM('Erlang C Calculator'!C101:C109) -> 53 | C13: =MAX('Erlang C Calculator'!H101:H109) -> 3 | D13: =AVERAGE('Erlang C Calculator'!G101:G109) -> 95.429762 | E13: =MIN('Erlang C Calculator'!G101:G109) -> 94.8527 | F13: =IF(E13>=Inputs!$C$7,"OK",IF(E13>=Inputs!$C$7-10,"REVIEW","ALERT")) -> OK
A14: 2015-04-13 | B14: =SUM('Erlang C Calculator'!C110:C118) -> 46.1 | C14: =MAX('Erlang C Calculator'!H110:H118) -> 3 | D14: =AVERAGE('Erlang C Calculator'!G110:G118) -> 96.448807 | E14: =MIN('Erlang C Calculator'!G110:G118) -> 95.966758 | F14: =IF(E14>=Inputs!$C$7,"OK",IF(E14>=Inputs!$C$7-10,"REVIEW","ALERT")) -> OK
A15: 2015-04-14 | B15: =SUM('Erlang C Calculator'!C119:C127) -> 46.1 | C15: =MAX('Erlang C Calculator'!H119:H127) -> 3 | D15: =AVERAGE('Erlang C Calculator'!G119:G127) -> 96.448807 | E15: =MIN('Erlang C Calculator'!G119:G127) -> 95.966758 | F15: =IF(E15>=Inputs!$C$7,"OK",IF(E15>=Inputs!$C$7-10,"REVIEW","ALERT")) -> OK
A16: 2015-04-15 | B16: =SUM('Erlang C Calculator'!C128:C136) -> 53 | C16: =MAX('Erlang C Calculator'!H128:H136) -> 3 | D16: =AVERAGE('Erlang C Calculator'!G128:G136) -> 95.429762 | E16: =MIN('Erlang C Calculator'!G128:G136) -> 94.8527 | F16: =IF(E16>=Inputs!$C$7,"OK",IF(E16>=Inputs!$C$7-10,"REVIEW","ALERT")) -> OK
A17: 2015-04-16 | B17: =SUM('Erlang C Calculator'!C137:C145) -> 46.1 | C17: =MAX('Erlang C Calculator'!H137:H145) -> 3 | D17: =AVERAGE('Erlang C Calculator'!G137:G145) -> 96.448807 | E17: =MIN('Erlang C Calculator'!G137:G145) -> 95.966758 | F17: =IF(E17>=Inputs!$C$7,"OK",IF(E17>=Inputs!$C$7-10,"REVIEW","ALERT")) -> OK
A18: 2015-04-17 | B18: =SUM('Erlang C Calculator'!C146:C154) -> 53 | C18: =MAX('Erlang C Calculator'!H146:H154) -> 3 | D18: =AVERAGE('Erlang C Calculator'!G146:G154) -> 95.429762 | E18: =MIN('Erlang C Calculator'!G146:G154) -> 94.8527 | F18: =IF(E18>=Inputs!$C$7,"OK",IF(E18>=Inputs!$C$7-10,"REVIEW","ALERT")) -> OK
A19: 2015-04-18 | B19: =SUM('Erlang C Calculator'!C155:C163) -> 49 | C19: =MAX('Erlang C Calculator'!H155:H163) -> 3 | D19: =AVERAGE('Erlang C Calculator'!G155:G163) -> 96.032886 | E19: =MIN('Erlang C Calculator'!G155:G163) -> 95.561194 | F19: =IF(E19>=Inputs!$C$7,"OK",IF(E19>=Inputs!$C$7-10,"REVIEW","ALERT")) -> OK
A20: 2015-04-19 | B20: =SUM('Erlang C Calculator'!C164:C172) -> 53 | C20: =MAX('Erlang C Calculator'!H164:H172) -> 3 | D20: =AVERAGE('Erlang C Calculator'!G164:G172) -> 95.429762 | E20: =MIN('Erlang C Calculator'!G164:G172) -> 94.8527 | F20: =IF(E20>=Inputs!$C$7,"OK",IF(E20>=Inputs!$C$7-10,"REVIEW","ALERT")) -> OK
A21: 2015-04-20 | B21: =SUM('Erlang C Calculator'!C173:C181) -> 45.2 | C21: =MAX('Erlang C Calculator'!H173:H181) -> 3 | D21: =AVERAGE('Erlang C Calculator'!G173:G181) -> 96.573884 | E21: =MIN('Erlang C Calculator'!G173:G181) -> 96.098562 | F21: =IF(E21>=Inputs!$C$7,"OK",IF(E21>=Inputs!$C$7-10,"REVIEW","ALERT")) -> OK
A22: 2015-04-21 | B22: =SUM('Erlang C Calculator'!C182:C190) -> 46.1 | C22: =MAX('Erlang C Calculator'!H182:H190) -> 3 | D22: =AVERAGE('Erlang C Calculator'!G182:G190) -> 96.448807 | E22: =MIN('Erlang C Calculator'!G182:G190) -> 95.966758 | F22: =IF(E22>=Inputs!$C$7,"OK",IF(E22>=Inputs!$C$7-10,"REVIEW","ALERT")) -> OK
A23: 2015-04-22 | B23: =SUM('Erlang C Calculator'!C191:C199) -> 52 | C23: =MAX('Erlang C Calculator'!H191:H199) -> 3 | D23: =AVERAGE('Erlang C Calculator'!G191:G199) -> 95.583893 | E23: =MIN('Erlang C Calculator'!G191:G199) -> 94.997557 | F23: =IF(E23>=Inputs!$C$7,"OK",IF(E23>=Inputs!$C$7-10,"REVIEW","ALERT")) -> OK
A24: 2015-04-23 | B24: =SUM('Erlang C Calculator'!C200:C208) -> 45.2 | C24: =MAX('Erlang C Calculator'!H200:H208) -> 3 | D24: =AVERAGE('Erlang C Calculator'!G200:G208) -> 96.573884 | E24: =MIN('Erlang C Calculator'!G200:G208) -> 96.098562 | F24: =IF(E24>=Inputs!$C$7,"OK",IF(E24>=Inputs!$C$7-10,"REVIEW","ALERT")) -> OK
A25: 2015-04-24 | B25: =SUM('Erlang C Calculator'!C209:C217) -> 52 | C25: =MAX('Erlang C Calculator'!H209:H217) -> 3 | D25: =AVERAGE('Erlang C Calculator'!G209:G217) -> 95.583893 | E25: =MIN('Erlang C Calculator'!G209:G217) -> 94.997557 | F25: =IF(E25>=Inputs!$C$7,"OK",IF(E25>=Inputs!$C$7-10,"REVIEW","ALERT")) -> OK
A26: 2015-04-25 | B26: =SUM('Erlang C Calculator'!C218:C226) -> 48.1 | C26: =MAX('Erlang C Calculator'!H218:H226) -> 3 | D26: =AVERAGE('Erlang C Calculator'!G218:G226) -> 96.16364 | E26: =MIN('Erlang C Calculator'!G218:G226) -> 95.698052 | F26: =IF(E26>=Inputs!$C$7,"OK",IF(E26>=Inputs!$C$7-10,"REVIEW","ALERT")) -> OK
A27: 2015-04-26 | B27: =SUM('Erlang C Calculator'!C227:C235) -> 52 | C27: =MAX('Erlang C Calculator'!H227:H235) -> 3 | D27: =AVERAGE('Erlang C Calculator'!G227:G235) -> 95.583893 | E27: =MIN('Erlang C Calculator'!G227:G235) -> 94.997557 | F27: =IF(E27>=Inputs!$C$7,"OK",IF(E27>=Inputs!$C$7-10,"REVIEW","ALERT")) -> OK
A28: 2015-04-27 | B28: =SUM('Erlang C Calculator'!C236:C244) -> 45.2 | C28: =MAX('Erlang C Calculator'!H236:H244) -> 3 | D28: =AVERAGE('Erlang C Calculator'!G236:G244) -> 96.573884 | E28: =MIN('Erlang C Calculator'!G236:G244) -> 96.098562 | F28: =IF(E28>=Inputs!$C$7,"OK",IF(E28>=Inputs!$C$7-10,"REVIEW","ALERT")) -> OK
A29: 2015-04-28 | B29: =SUM('Erlang C Calculator'!C245:C253) -> 45.2 | C29: =MAX('Erlang C Calculator'!H245:H253) -> 3 | D29: =AVERAGE('Erlang C Calculator'!G245:G253) -> 96.573884 | E29: =MIN('Erlang C Calculator'!G245:G253) -> 96.098562 | F29: =IF(E29>=Inputs!$C$7,"OK",IF(E29>=Inputs!$C$7-10,"REVIEW","ALERT")) -> OK
A30: 2015-04-29 | B30: =SUM('Erlang C Calculator'!C254:C262) -> 52 | C30: =MAX('Erlang C Calculator'!H254:H262) -> 3 | D30: =AVERAGE('Erlang C Calculator'!G254:G262) -> 95.583893 | E30: =MIN('Erlang C Calculator'!G254:G262) -> 94.997557 | F30: =IF(E30>=Inputs!$C$7,"OK",IF(E30>=Inputs!$C$7-10,"REVIEW","ALERT")) -> OK
A31: 2015-04-30 | B31: =SUM('Erlang C Calculator'!C263:C271) -> 43.9 | C31: =MAX('Erlang C Calculator'!H263:H271) -> 3 | D31: =AVERAGE('Erlang C Calculator'!G263:G271) -> 96.752379 | E31: =MIN('Erlang C Calculator'!G263:G271) -> 96.356966 | F31: =IF(E31>=Inputs!$C$7,"OK",IF(E31>=Inputs!$C$7-10,"REVIEW","ALERT")) -> OK
A32: SUMMARY | B32: =SUM(B2:B31) -> 1483.5 | C32: =MAX(C2:C31) -> 3 | D32: =AVERAGE(D2:D31) -> 95.954211 | E32: =MIN(E2:E31) -> 94.558393

Sheet Scenario Analysis
B2: SCENARIO ANALYSIS — INTERACTIVE
B3: Change the blue values to model any scenario
B5: Test Volume (calls/hour) | C5: 7 | D5: Change this to test different volumes
B6: AHT (seconds) | C6: =Inputs!C6 -> 224 | D6: Linked to Inputs sheet
B7: Traffic Intensity (Erlangs) | C7: =C5*C6/3600 -> 0.43555556
B9: AGENT ITERATION TABLE
B10: Agents (N) | C10: Traffic (A) | D10: Erlang C Prob | E10: Service Level (%) | F10: Occupancy (%) | G10: Agents w/ Shrinkage
B11: 1 | C11: =$C$7 -> 0.43555556 | D11: =IF(B11<=$C$7,"N/A",1-POISSON(B11-1,$C$7,1)) -> 0.35309482 | E11: =IF(B11<=$C$7,0,(1-D11*EXP(-(B11-$C$7)*Inputs!$C$8/Inputs!$C$6))*100) -> 66.425907 | F11: =IF(B11=0,0,$C$7/B11*100) -> 43.555556 | G11: =ROUNDUP(B11/Inputs!$C$15,0) -> 2
B12: 2 | C12: =$C$7 -> 0.43555556 | D12: =IF(B12<=$C$7,"N/A",1-POISSON(B12-1,$C$7,1)) -> 0.071331681 | E12: =IF(B12<=$C$7,0,(1-D12*EXP(-(B12-$C$7)*Inputs!$C$8/Inputs!$C$6))*100) -> 93.796753 | F12: =IF(B12=0,0,$C$7/B12*100) -> 21.777778 | G12: =ROUNDUP(B12/Inputs!$C$15,0) -> 3
B13: 3 | C13: =$C$7 -> 0.43555556 | D13: =IF(B13<=$C$7,"N/A",1-POISSON(B13-1,$C$7,1)) -> 0.0099699303 | E13: =IF(B13<=$C$7,0,(1-D13*EXP(-(B13-$C$7)*Inputs!$C$8/Inputs!$C$6))*100) -> 99.207038 | F13: =IF(B13=0,0,$C$7/B13*100) -> 14.518519 | G13: =ROUNDUP(B13/Inputs!$C$15,0) -> 5
B14: 4 | C14: =$C$7 -> 0.43555556 | D14: =IF(B14<=$C$7,"N/A",1-POISSON(B14-1,$C$7,1)) -> 0.0010611131 | E14: =IF(B14<=$C$7,0,(1-D14*EXP(-(B14-$C$7)*Inputs!$C$8/Inputs!$C$6))*100) -> 99.922813 | F14: =IF(B14=0,0,$C$7/B14*100) -> 10.888889 | G14: =ROUNDUP(B14/Inputs!$C$15,0) -> 6
B15: 5 | C15: =$C$7 -> 0.43555556 | D15: =IF(B15<=$C$7,"N/A",1-POISSON(B15-1,$C$7,1)) -> 9.104187e-05 | E15: =IF(B15<=$C$7,0,(1-D15*EXP(-(B15-$C$7)*Inputs!$C$8/Inputs!$C$6))*100) -> 99.993943 | F15: =IF(B15=0,0,$C$7/B15*100) -> 8.7111111 | G15: =ROUNDUP(B15/Inputs!$C$15,0) -> 8
B16: 6 | C16: =$C$7 -> 0.43555556 | D16: =IF(B16<=$C$7,"N/A",1-POISSON(B16-1,$C$7,1)) -> 6.5378892e-06 | E16: =IF(B16<=$C$7,0,(1-D16*EXP(-(B16-$C$7)*Inputs!$C$8/Inputs!$C$6))*100) -> 99.999602 | F16: =IF(B16=0,0,$C$7/B16*100) -> 7.2592593 | G16: =ROUNDUP(B16/Inputs!$C$15,0) -> 9
B17: 7 | C17: =$C$7 -> 0.43555556 | D17: =IF(B17<=$C$7,"N/A",1-POISSON(B17-1,$C$7,1)) -> 4.0352611e-07 | E17: =IF(B17<=$C$7,0,(1-D17*EXP(-(B17-$C$7)*Inputs!$C$8/Inputs!$C$6))*100) -> 99.999978 | F17: =IF(B17=0,0,$C$7/B17*100) -> 6.2222222 | G17: =ROUNDUP(B17/Inputs!$C$15,0) -> 10
B18: 8 | C18: =$C$7 -> 0.43555556 | D18: =IF(B18<=$C$7,"N/A",1-POISSON(B18-1,$C$7,1)) -> 2.1832408e-08 | E18: =IF(B18<=$C$7,0,(1-D18*EXP(-(B18-$C$7)*Inputs!$C$8/Inputs!$C$6))*100) -> 99.999999 | F18: =IF(B18=0,0,$C$7/B18*100) -> 5.4444444 | G18: =ROUNDUP(B18/Inputs!$C$15,0) -> 12
B19: 9 | C19: =$C$7 -> 0.43555556 | D19: =IF(B19<=$C$7,"N/A",1-POISSON(B19-1,$C$7,1)) -> 1.0513063e-09 | E19: =IF(B19<=$C$7,0,(1-D19*EXP(-(B19-$C$7)*Inputs!$C$8/Inputs!$C$6))*100) -> 100 | F19: =IF(B19=0,0,$C$7/B19*100) -> 4.8395062 | G19: =ROUNDUP(B19/Inputs!$C$15,0) -> 13
B20: 10 | C20: =$C$7 -> 0.43555556 | D20: =IF(B20<=$C$7,"N/A",1-POISSON(B20-1,$C$7,1)) -> 4.5603632e-11 | E20: =IF(B20<=$C$7,0,(1-D20*EXP(-(B20-$C$7)*Inputs!$C$8/Inputs!$C$6))*100) -> 100 | F20: =IF(B20=0,0,$C$7/B20*100) -> 4.3555556 | G20: =ROUNDUP(B20/Inputs!$C$15,0) -> 15
B21: 11 | C21: =$C$7 -> 0.43555556 | D21: =IF(B21<=$C$7,"N/A",1-POISSON(B21-1,$C$7,1)) -> 1.7996715e-12 | E21: =IF(B21<=$C$7,0,(1-D21*EXP(-(B21-$C$7)*Inputs!$C$8/Inputs!$C$6))*100) -> 100 | F21: =IF(B21=0,0,$C$7/B21*100) -> 3.959596 | G21: =ROUNDUP(B21/Inputs!$C$15,0) -> 16
B22: 12 | C22: =$C$7 -> 0.43555556 | D22: =IF(B22<=$C$7,"N/A",1-POISSON(B22-1,$C$7,1)) -> 6.5170092e-14 | E22: =IF(B22<=$C$7,0,(1-D22*EXP(-(B22-$C$7)*Inputs!$C$8/Inputs!$C$6))*100) -> 100 | F22: =IF(B22=0,0,$C$7/B22*100) -> 3.6296296 | G22: =ROUNDUP(B22/Inputs!$C$15,0) -> 18
... B25: 15 | C25: =$C$7 -> 0.43555556 | D25: =IF(B25<=$C$7,"N/A",1-POISSON(B25-1,$C$7,1)) -> 0 | E25: =IF(B25<=$C$7,0,(1-D25*EXP(-(B25-$C$7)*Inputs!$C$8/Inputs!$C$6))*100) -> 100 | F25: =IF(B25=0,0,$C$7/B25*100) -> 2.9037037 | G25: =ROUNDUP(B25/Inputs!$C$15,0) -> 22
B27: HOW TO USE:
B28: 1. Set test volume in C5 (blue). All formulas recalculate.
B29: 2. Read down Service Level column — find first row >= your target (80%).
B30: 3. That Agents value = raw need. Agents w/ Shrinkage = actual headcount.
B31: 4. If Occupancy > 85%, add agents even if SL target is met.
B32: 5. Change AHT or Shrinkage on Inputs sheet to see impact.
